{"RjABHLmXfJYBzAoHSnP/Zg==":"ladies%20world-1143x1078.jpg","v/em9dl1Wt2TNIYoO+ur+A==":"ladies%20world-96x91.jpg","fjUIEnkQumBP6avi+UghbA==":"whatsapp%20image%202023-08-24%20at%2013.10.55%20(2)-596x592.jpg","00XaQD/XEOzFWgxY9mhK3w==":"whatsapp%20image%202023-08-24%20at%2013.10.55%20(7)-596x504.jpg","VHAtcDDTfrELUjDJNkvg6w==":"whatsapp%20image%202023-08-24%20at%2013.10.56%20(2)-596x563.jpg","of4uVJQV6TQy7B6b+HoELQ==":"whatsapp%20image%202023-08-24%20at%2013.10.56%20(1)-596x742.jpg","DC91kBNbg8pixdxPLLv43A==":"istockphoto-1186047199-596x397.jpg","VEZd2++MPI5CnNv64frE+A==":"whatsapp%20image%202023-08-24%20at%2013.10.55%20(4)-596x585.jpg","IujpKI0oSjj962n4rIhDVA==":"whatsapp%20image%202023-08-24%20at%2013.10.55%20(1)-596x576.jpg","7MSjgGlMNOymswBb+psTSg==":"whatsapp%20image%202023-08-24%20at%2013.10.56-596x651.jpg","juV/M6OC7EH9S05Y4P29Fw==":"whatsapp%20image%202023-08-24%20at%2013.10.55%20(6)-596x740.jpg","nLdU9os8l2YffcOPik80oA==":"whatsapp%20image%202023-08-24%20at%2013.10.55%20(5)-596x733.jpg"}